step,crossentropy,val crossentropy,top k micro,val top k micro,top k macro,val top k macro,acc micro,val acc micro,acc macro,val acc macro,precission macro,val precission macro,recall macro,val recall macro,f1-score macro,val f1-score macro
1,2.7098622745589207,2.5103897386127048,0.5023496306844448,0.5992063615057204,0.3559345315749708,0.4188019616736306,0.16964286118500718,0.1719576766093572,0.07243237784132361,0.07328222174611357,0.013911341598079736,0.016588740645804338,0.07243237784132361,0.07328222174611357,0.021656775191475294,0.02284593005768127
2,2.345387843094374,2.173619720670912,0.6303258202970028,0.6825396849049462,0.45352062014372724,0.5114397837056054,0.2567355959235053,0.3333333440952831,0.15178519568258994,0.21728141771422493,0.12345933550846223,0.19329028824965158,0.15178519568258994,0.21728141771422493,0.1068656786871878,0.17299704564114413
3,2.0339203233781613,1.8739912576145596,0.7286967433204776,0.8055555555555556,0.564703881936638,0.6502837902969785,0.4036654202561629,0.4960317512353261,0.30381950588994905,0.4072410745753182,0.2953932465691316,0.400166865852144,0.30381950588994905,0.4072410745753182,0.2602135666989182,0.3699080960618125
