step,crossentropy,val crossentropy,res loss,val res loss,adv loss,val adv loss,resnet_acc,val resnet_acc,resnet_precission,val resnet_precission,resnet_recall,val resnet_recall,resnet_f1-score,val resnet_f1-score,adv_acc,val adv_acc,adv_precission,val adv_precission,adv_recall,val adv_recall,adv_f1-score,val adv_f1-score
1,0.2133611093920011,0.07040369262297948,0.3154957394760389,0.12633844216664633,1.0213462779155145,0.5593475004037222,0.8786057692307693,0.9791666666666666,0.8786057692307693,0.9791666666666666,0.8786057692307693,0.9791666666666666,0.8786057692307693,0.9791666666666666,0.6057692307692307,0.8229166666666666,0.6057692307692307,0.8229166666666666,0.6057692307692307,0.8229166666666666,0.6057692307692307,0.8229166666666666
2,0.0723764797529349,0.1295176955560843,0.11080047130011596,0.14917157838741937,0.38423991346588504,0.19653882086277008,0.9651442307692307,0.9479166666666666,0.9651442307692307,0.9479166666666666,0.9651442307692307,0.9479166666666666,0.9651442307692307,0.9479166666666666,0.8725961538461539,0.96875,0.8725961538461539,0.96875,0.8725961538461539,0.96875,0.8725961538461539,0.96875
3,0.06438224762678146,0.0803972693781058,0.08680740070457642,0.09782802437742551,0.22425153378683788,0.17430752764145532,0.9747596153846154,0.9479166666666666,0.9747596153846154,0.9479166666666666,0.9747596153846154,0.9479166666666666,0.9747596153846154,0.9479166666666666,0.9266826923076923,0.9375,0.9266826923076923,0.9375,0.9266826923076923,0.9375,0.9266826923076923,0.9375
4,0.03564296598331286,0.1735655845453342,0.05559327990676348,0.18047644135852656,0.19950313694201982,0.06910854081312816,0.9879807692307693,0.9166666666666666,0.9879807692307693,0.9166666666666666,0.9879807692307693,0.9166666666666666,0.9879807692307693,0.9166666666666666,0.9278846153846154,0.9895833333333334,0.9278846153846154,0.9895833333333334,0.9278846153846154,0.9895833333333334,0.9278846153846154,0.9895833333333334
5,0.03964677882882265,0.04243970693399509,0.052547728786101706,0.0571201927959919,0.12900949391321495,0.14680487165848413,0.984375,0.9791666666666666,0.984375,0.9791666666666666,0.984375,0.9791666666666666,0.984375,0.9791666666666666,0.9543269230769231,0.9479166666666666,0.9543269230769231,0.9479166666666666,0.9543269230769231,0.9479166666666666,0.9543269230769231,0.9479166666666666
